Date,Product,Category,Region,Quantity Sold,Sales,Revenue
2023-01-01,Monitor,Accessories,East,11,8935,11307.69589240898
2023-01-02,Keyboard,Accessories,West,1,7093,8004.229724563122
2023-01-03,Tablet,Accessories,North,13,9418,11155.67445977931
2023-01-04,Keyboard,Accessories,West,19,6355,8007.471709620279
2023-01-05,Keyboard,Accessories,East,3,5968,7742.661087399864
2023-01-06,Phone,Electronics,North,17,6574,8364.624987700425
2023-01-07,Tablet,Accessories,East,5,5072,5796.62048900771
2023-01-08,Tablet,Electronics,East,8,3257,3578.764336645286
2023-01-09,Tablet,Accessories,South,14,9588,11240.473912163592
2023-01-10,Keyboard,Electronics,North,4,5424,6700.865808689673
2023-01-11,Monitor,Accessories,South,11,4237,4970.60378819543
2023-01-12,Tablet,Electronics,North,15,4893,5728.700991048445
2023-01-13,Keyboard,Accessories,East,19,3005,3784.970603837703
2023-01-14,Phone,Electronics,East,7,3016,3439.2984494166585
2023-01-15,Monitor,Accessories,West,19,2772,3506.4377096444705
2023-01-16,Phone,Electronics,North,19,9353,10771.861325825366
2023-01-17,Monitor,Accessories,South,11,4976,5633.121983463854
2023-01-18,Keyboard,Electronics,West,5,2751,3200.781561427593
2023-01-19,Laptop,Electronics,West,5,9967,12365.177209278103
2023-01-20,Monitor,Accessories,West,8,8430,9117.049273723369
2023-01-21,Phone,Accessories,South,10,8170,8979.686248418595
2023-01-22,Keyboard,Electronics,West,6,7469,9619.035350719409
2023-01-23,Monitor,Accessories,South,15,4220,4616.143666887332
2023-01-24,Laptop,Electronics,West,16,1539,1834.3830855739732
2023-01-25,Laptop,Electronics,South,17,2461,2940.473225613757
2023-01-26,Tablet,Electronics,East,8,6184,7250.159418329678
2023-01-27,Tablet,Accessories,East,8,9547,11563.19572204072
2023-01-28,Phone,Electronics,East,9,1234,1366.6015449085653
2023-01-29,Monitor,Electronics,East,2,2548,3027.4458645737886
2023-01-30,Monitor,Accessories,East,15,8480,9693.007301123422
2023-01-31,Tablet,Accessories,West,18,5213,6335.967856111741
2023-02-01,Monitor,Accessories,West,3,2673,2901.022632859107
2023-02-02,Monitor,Accessories,West,17,7708,9193.480782249671
2023-02-03,Laptop,Electronics,South,4,8982,9847.124583013254
2023-02-04,Tablet,Electronics,South,4,3100,3470.9483739141533
2023-02-05,Keyboard,Electronics,South,14,4748,5245.008532984093
2023-02-06,Tablet,Electronics,South,9,4173,4572.395513848143
2023-02-07,Keyboard,Accessories,East,9,2815,3536.844082160819
2023-02-08,Laptop,Electronics,East,18,4841,5428.827583761593
2023-02-09,Phone,Electronics,East,10,9016,11556.53700432247
2023-02-10,Monitor,Accessories,North,4,8011,10354.070348635081
2023-02-11,Laptop,Electronics,West,12,5493,6552.133440341118
2023-02-12,Monitor,Electronics,South,8,1674,1817.5459698356067
2023-02-13,Phone,Electronics,South,2,9088,10393.373608958409
2023-02-14,Phone,Electronics,East,13,9578,11967.069904587297
2023-02-15,Laptop,Electronics,South,16,3158,3605.954980306337
2023-02-16,Phone,Electronics,South,2,3661,3923.6925090516274
2023-02-17,Keyboard,Accessories,West,11,3064,3643.6972417709917
2023-02-18,Phone,Accessories,East,10,4253,5364.22474535316
2023-02-19,Monitor,Electronics,West,15,5979,7467.66096718275
2023-02-20,Monitor,Electronics,North,17,8703,9519.174172138615
2023-02-21,Monitor,Accessories,North,8,9931,12097.856346432553
2023-02-22,Monitor,Electronics,North,18,2401,2653.407684127247
2023-02-23,Keyboard,Electronics,East,9,4259,4704.286472414426
2023-02-24,Tablet,Electronics,South,8,4923,6244.913834995356
2023-02-25,Laptop,Accessories,East,14,5214,5800.143479896889
2023-02-26,Monitor,Electronics,East,18,4227,4716.536633432909
2023-02-27,Phone,Accessories,South,12,3745,3932.861737100267
2023-02-28,Monitor,Electronics,West,19,7091,8989.02853024601
2023-03-01,Phone,Accessories,North,14,4866,6073.491590268912
2023-03-02,Phone,Accessories,West,17,6818,8228.18216986206
2023-03-03,Monitor,Electronics,North,3,3222,3987.439072852738
2023-03-04,Keyboard,Accessories,East,7,3792,4125.742041918418
2023-03-05,Phone,Electronics,North,17,5063,5896.273089849223
2023-03-06,Phone,Accessories,East,12,2524,2871.8194334170807
2023-03-07,Monitor,Electronics,West,9,9224,9901.448669548681
2023-03-08,Phone,Electronics,East,15,7198,8432.691808144256
2023-03-09,Phone,Accessories,West,18,5025,6432.929185742935
2023-03-10,Monitor,Electronics,South,13,3566,3780.012704633694
2023-03-11,Monitor,Electronics,South,8,3803,4270.2564635042245
2023-03-12,Laptop,Accessories,South,14,4709,5188.777567148164
2023-03-13,Keyboard,Electronics,East,8,7155,7938.734826744514
2023-03-14,Keyboard,Electronics,South,14,1719,2195.3497486701613
2023-03-15,Phone,Accessories,North,7,7516,8771.30175290623
2023-03-16,Keyboard,Accessories,West,12,5579,6508.321106197812
2023-03-17,Phone,Electronics,West,11,1972,2445.5637917304543
2023-03-18,Laptop,Electronics,North,11,4718,5136.1235546238095
2023-03-19,Monitor,Accessories,East,13,8395,9837.398161917481
2023-03-20,Monitor,Accessories,East,18,5402,6252.795031670492
2023-03-21,Monitor,Electronics,West,2,5552,6658.112038478758
2023-03-22,Keyboard,Accessories,South,15,3207,4168.745388581039
2023-03-23,Laptop,Electronics,East,18,5426,6741.057424822297
2023-03-24,Keyboard,Electronics,East,15,7919,9102.624625548751
2023-03-25,Keyboard,Electronics,North,19,9835,12361.496067278815
2023-03-26,Laptop,Electronics,North,12,9386,10255.867174512734
2023-03-27,Laptop,Electronics,South,13,9680,10237.722120867684
2023-03-28,Laptop,Accessories,East,11,3204,3527.9631463438827
2023-03-29,Laptop,Accessories,East,5,6345,7202.227830886244
2023-03-30,Monitor,Accessories,North,1,4276,5035.61082972427
2023-03-31,Tablet,Accessories,East,3,2102,2530.3503633544005
2023-04-01,Tablet,Electronics,West,19,6243,7976.377873142409
2023-04-02,Laptop,Electronics,North,7,7614,8965.207107179298
2023-04-03,Tablet,Electronics,South,12,9707,11408.820670595489
2023-04-04,Tablet,Electronics,North,15,6223,6612.315562532104
2023-04-05,Laptop,Accessories,East,5,9584,10146.848080164313
2023-04-06,Tablet,Electronics,South,15,1630,1936.0976844809215
2023-04-07,Keyboard,Electronics,North,8,7683,8908.781571396757
2023-04-08,Phone,Accessories,West,10,1277,1608.7583410974605
2023-04-09,Phone,Accessories,West,16,1232,1343.0893120912483
2023-04-10,Laptop,Accessories,North,8,6690,7066.265104890765
2023-04-11,Monitor,Accessories,West,1,8659,10064.00667287674
2023-04-12,Laptop,Electronics,West,12,1025,1137.103880167766
2023-04-13,Monitor,Electronics,West,5,8468,8996.433628358318
2023-04-14,Phone,Accessories,South,3,7410,9122.818326385232
2023-04-15,Laptop,Electronics,West,1,9652,10403.87390889684
2023-04-16,Keyboard,Electronics,West,4,4764,5726.708524509256
2023-04-17,Tablet,Electronics,West,8,7599,8512.874262879548
2023-04-18,Monitor,Accessories,South,3,6102,6671.768224816586
2023-04-19,Tablet,Electronics,North,10,8006,9166.372673123014
2023-04-20,Tablet,Accessories,East,2,4483,5605.3703537018755
2023-04-21,Laptop,Electronics,West,11,2994,3437.1820423130725
2023-04-22,Tablet,Electronics,North,10,9682,11983.33793591536
2023-04-23,Keyboard,Electronics,West,14,2072,2240.60190174196
2023-04-24,Tablet,Accessories,South,7,7707,9581.28733283969
2023-04-25,Laptop,Electronics,North,2,1215,1347.7184974403947
2023-04-26,Keyboard,Accessories,South,9,8605,10492.491970673438
2023-04-27,Phone,Accessories,West,16,3606,4296.352071689159
2023-04-28,Tablet,Accessories,West,13,9350,11989.37577648232
2023-04-29,Laptop,Electronics,South,9,5781,6629.827869103823
2023-04-30,Phone,Electronics,East,4,4313,4599.992614860736
2023-05-01,Phone,Electronics,South,10,8763,9243.114879971408
2023-05-02,Monitor,Electronics,West,12,6939,8720.342888647485
2023-05-03,Keyboard,Accessories,South,17,3295,3892.0009815236044
2023-05-04,Tablet,Accessories,East,14,6685,8314.876621629159
2023-05-05,Laptop,Accessories,South,14,2696,2988.8028544077606
2023-05-06,Monitor,Electronics,East,2,2946,3347.4541785704964
2023-05-07,Keyboard,Accessories,East,11,3783,4000.620737143855
2023-05-08,Monitor,Electronics,South,16,4644,5992.492588830544
2023-05-09,Keyboard,Accessories,South,19,6241,7595.090901429944
2023-05-10,Keyboard,Electronics,North,6,7420,9522.095437793512
2023-05-11,Tablet,Electronics,West,19,8557,9552.813189592644
2023-05-12,Keyboard,Accessories,East,5,3645,4384.446215729384
2023-05-13,Monitor,Accessories,North,4,7589,9255.734064843207
2023-05-14,Keyboard,Accessories,South,15,7353,8304.385736498512
2023-05-15,Tablet,Accessories,West,4,2932,3700.2640692664568
2023-05-16,Tablet,Electronics,North,10,2757,3547.6810383039956
2023-05-17,Monitor,Accessories,East,3,6085,7735.335847795046
2023-05-18,Phone,Accessories,North,5,6637,8195.146879827404
2023-05-19,Phone,Accessories,East,6,2116,2368.578815574501
2023-05-20,Keyboard,Electronics,South,8,1492,1671.6427837054007
2023-05-21,Laptop,Electronics,West,7,9811,12664.432025974018
2023-05-22,Keyboard,Accessories,West,10,8888,9355.252149969108
2023-05-23,Monitor,Electronics,West,6,7474,9185.639375002947
2023-05-24,Monitor,Accessories,South,14,5958,7307.853659126063
2023-05-25,Monitor,Electronics,East,4,3743,4512.831737943773
2023-05-26,Monitor,Electronics,South,13,8866,11503.876257351538
2023-05-27,Monitor,Electronics,West,17,8160,9204.234048957998
2023-05-28,Tablet,Electronics,South,7,6451,7321.839623332561
2023-05-29,Phone,Accessories,South,4,6258,6694.400695909886
2023-05-30,Monitor,Accessories,South,14,9548,11082.3591519299
2023-05-31,Laptop,Accessories,East,3,8186,9129.535808939618
2023-06-01,Laptop,Electronics,North,5,7102,8066.783089716407
2023-06-02,Laptop,Accessories,North,16,1619,2037.7429321059653
2023-06-03,Laptop,Accessories,South,4,1882,2416.2454636146867
2023-06-04,Tablet,Accessories,North,2,9988,10951.17548079695
2023-06-05,Laptop,Electronics,North,18,4642,5306.396615067798
2023-06-06,Monitor,Electronics,South,19,2296,2943.833942654236
2023-06-07,Keyboard,Electronics,South,19,9436,10053.606158765877
2023-06-08,Laptop,Accessories,West,17,3895,4179.686064248454
2023-06-09,Tablet,Accessories,North,14,7593,8281.667995260725
2023-06-10,Tablet,Accessories,East,19,1929,2312.491389257685
2023-06-11,Laptop,Electronics,South,13,6366,6923.776619306044
2023-06-12,Keyboard,Electronics,West,12,9711,12546.797435067017
2023-06-13,Laptop,Accessories,East,6,4212,4892.9903972032225
2023-06-14,Tablet,Electronics,North,4,3409,4006.8686817084294
2023-06-15,Phone,Electronics,West,19,9199,10226.203151698484
2023-06-16,Monitor,Electronics,South,16,4423,5164.914299129707
2023-06-17,Tablet,Electronics,East,13,7976,9694.655783478202
2023-06-18,Laptop,Accessories,South,4,8594,10637.60407874576
2023-06-19,Monitor,Electronics,North,17,6158,7626.479913331912
2023-06-20,Laptop,Electronics,East,1,4667,5574.604455735827
2023-06-21,Laptop,Electronics,North,18,6973,8898.175177758041
2023-06-22,Phone,Electronics,North,17,7236,9076.490795776752
2023-06-23,Monitor,Accessories,West,15,9277,11496.633840014787
2023-06-24,Monitor,Accessories,South,11,3468,3689.6099872969594
2023-06-25,Phone,Electronics,East,13,7217,7590.259563334802
2023-06-26,Tablet,Electronics,North,1,4619,5095.273493341472
2023-06-27,Laptop,Electronics,North,17,2636,3205.062048388965
2023-06-28,Keyboard,Electronics,East,6,9155,10553.878252679926
2023-06-29,Laptop,Electronics,North,4,4583,5273.206971592187
2023-06-30,Laptop,Electronics,West,16,5009,6367.173930785534
2023-07-01,Tablet,Accessories,West,15,4326,5510.8512202545835
2023-07-02,Laptop,Electronics,West,15,9148,11684.683828890551
2023-07-03,Phone,Accessories,West,6,3217,3630.2864430372106
2023-07-04,Phone,Accessories,North,15,5967,7296.232508653795
2023-07-05,Monitor,Electronics,East,14,3369,3766.233046928338
2023-07-06,Keyboard,Accessories,East,11,4638,5090.912101449825
2023-07-07,Laptop,Accessories,East,7,6722,7368.374844572255
2023-07-08,Laptop,Accessories,East,9,5444,6181.808471995351
2023-07-09,Tablet,Accessories,South,16,8618,9975.243691815625
2023-07-10,Phone,Accessories,East,5,4947,6222.026387302356
2023-07-11,Keyboard,Accessories,South,10,2676,2890.0071415332445
2023-07-12,Monitor,Electronics,South,18,2196,2709.274290219797
2023-07-13,Phone,Accessories,West,3,3787,4479.504940008725
2023-07-14,Monitor,Accessories,South,13,8432,9460.588782360992
2023-07-15,Tablet,Accessories,North,11,8927,10473.200107781133
2023-07-16,Tablet,Electronics,South,17,4318,4857.687464324295
2023-07-17,Laptop,Accessories,West,13,9858,11819.943978684805
2023-07-18,Keyboard,Electronics,South,6,7689,8907.406480708494
2023-07-19,Monitor,Accessories,North,17,3176,3465.33799008863
2023-07-20,Phone,Electronics,North,13,4743,5118.388380654417
2023-07-21,Tablet,Electronics,North,19,9792,11619.911029712575
2023-07-22,Laptop,Accessories,West,19,5422,6916.320866619313
2023-07-23,Laptop,Accessories,West,10,4824,5480.012969988569
2023-07-24,Monitor,Electronics,East,3,3451,4255.9458425063185
2023-07-25,Tablet,Accessories,West,14,1628,1977.4751714604852
2023-07-26,Keyboard,Electronics,North,19,8778,11261.197259452156
2023-07-27,Tablet,Electronics,North,5,4696,5894.631714309191
2023-07-28,Monitor,Electronics,West,5,4674,5569.778245031033
2023-07-29,Monitor,Electronics,South,17,4929,5985.0758314489785
2023-07-30,Tablet,Electronics,West,10,3765,4798.856261672223
2023-07-31,Monitor,Accessories,West,5,5369,6173.704088611813
2023-08-01,Tablet,Electronics,North,4,9307,10532.719581854584
2023-08-02,Phone,Electronics,East,6,5956,6269.897703532807
2023-08-03,Tablet,Accessories,North,4,1692,2126.231104382989
2023-08-04,Tablet,Electronics,East,7,4162,5203.520418769701
2023-08-05,Monitor,Accessories,North,7,2105,2265.2191901502047
2023-08-06,Monitor,Accessories,West,18,4008,4786.411095894966
2023-08-07,Laptop,Accessories,North,3,3161,3685.711536976383
2023-08-08,Laptop,Electronics,North,1,9345,10089.584124383162
2023-08-09,Phone,Electronics,North,4,4699,6085.872524739584
2023-08-10,Laptop,Electronics,West,6,4786,5282.183629349905
2023-08-11,Tablet,Accessories,West,9,5200,5547.40443411773
2023-08-12,Monitor,Electronics,West,14,2913,3491.8476041222657
2023-08-13,Laptop,Accessories,West,12,6520,8050.352683726844
2023-08-14,Laptop,Electronics,East,4,2772,2933.0833081107003
2023-08-15,Phone,Accessories,East,12,3780,4591.488168597036
2023-08-16,Phone,Electronics,South,10,8423,9965.023617784775
2023-08-17,Tablet,Electronics,West,7,3871,4164.484712338828
2023-08-18,Monitor,Electronics,East,3,1660,1814.59740893274
2023-08-19,Phone,Accessories,North,14,7242,8632.417465290764
2023-08-20,Laptop,Accessories,West,10,2132,2396.558608002583
2023-08-21,Monitor,Electronics,South,16,1699,2182.4996057446465
2023-08-22,Monitor,Electronics,South,16,8470,10627.182435932476
2023-08-23,Laptop,Accessories,South,10,7297,9456.12247648255
2023-08-24,Phone,Accessories,North,13,8812,9824.654858207763
2023-08-25,Laptop,Accessories,East,6,5557,7182.03855686459
2023-08-26,Monitor,Electronics,North,12,3179,3680.6731180168404
2023-08-27,Keyboard,Accessories,West,9,9275,10544.559206633769
2023-08-28,Keyboard,Electronics,South,13,2422,2573.5866385799436
2023-08-29,Tablet,Accessories,North,4,4180,4444.139694463284
2023-08-30,Laptop,Electronics,North,11,5316,6501.482959153103
2023-08-31,Laptop,Accessories,East,18,7696,8961.85538529107
2023-09-01,Tablet,Accessories,East,11,1614,1786.1014761055687
2023-09-02,Tablet,Accessories,South,4,5570,6703.453651557887
2023-09-03,Tablet,Accessories,North,18,1270,1413.7824525444103
2023-09-04,Monitor,Accessories,North,1,3468,4142.206731016615
2023-09-05,Laptop,Electronics,East,7,4607,5251.068674337314
2023-09-06,Monitor,Accessories,North,6,4075,5117.743830860792
2023-09-07,Tablet,Accessories,North,15,1289,1617.9193378070947
2023-09-08,Laptop,Accessories,North,18,9120,10664.358907719075
2023-09-09,Monitor,Electronics,East,11,7614,8662.484174619201
2023-09-10,Monitor,Accessories,South,15,4252,4850.0010637423175
2023-09-11,Tablet,Electronics,West,16,8415,10530.771933374514
2023-09-12,Laptop,Accessories,South,7,7771,8797.120690205062
2023-09-13,Tablet,Accessories,West,10,1278,1408.6944698993373
2023-09-14,Laptop,Electronics,North,12,1580,1692.4518950407462
2023-09-15,Keyboard,Accessories,South,14,5958,6951.039403557326
2023-09-16,Phone,Electronics,West,5,9445,11055.684418574478
2023-09-17,Phone,Electronics,East,18,5276,6648.958589021435
2023-09-18,Phone,Accessories,East,5,8997,9944.47113798131
2023-09-19,Tablet,Electronics,South,3,5776,6614.951399177169
2023-09-20,Keyboard,Accessories,South,5,1824,2283.833016935523
2023-09-21,Laptop,Accessories,North,17,4832,6068.53732178476
2023-09-22,Monitor,Electronics,South,19,9891,11336.597038126498
2023-09-23,Laptop,Electronics,North,19,6445,7507.013582520665
2023-09-24,Monitor,Electronics,North,12,2380,2679.4551050553237
2023-09-25,Laptop,Electronics,East,9,7534,9667.167113502775
2023-09-26,Keyboard,Accessories,East,1,4156,4487.070872605502
2023-09-27,Monitor,Accessories,West,18,5307,6811.202046967201
2023-09-28,Tablet,Electronics,East,4,6634,8099.892510368917
2023-09-29,Laptop,Accessories,East,10,9575,11326.200840493862
2023-09-30,Laptop,Accessories,South,7,6810,7206.1020509856035
2023-10-01,Monitor,Accessories,East,1,9533,11143.114624159802
2023-10-02,Tablet,Accessories,West,17,6934,7987.531340022237
2023-10-03,Tablet,Electronics,South,2,4109,4480.062024601445
2023-10-04,Keyboard,Electronics,West,11,5082,6170.068401247584
2023-10-05,Tablet,Accessories,East,9,4240,5481.419961810383
2023-10-06,Tablet,Electronics,West,7,7028,8367.16574104037
2023-10-07,Tablet,Electronics,South,17,2849,3500.5330211472005
2023-10-08,Phone,Electronics,North,17,9497,10134.368487004866
2023-10-09,Keyboard,Accessories,West,2,3749,4327.908391829478
2023-10-10,Laptop,Accessories,West,6,7680,8287.408291515832
2023-10-11,Monitor,Accessories,South,14,1205,1449.8547454553739
2023-10-12,Laptop,Electronics,South,6,8352,10729.150746351155
2023-10-13,Keyboard,Accessories,West,2,5591,6795.549825562233
2023-10-14,Monitor,Accessories,East,1,4450,4757.943391249794
2023-10-15,Keyboard,Electronics,West,10,8214,9353.007051936867
2023-10-16,Tablet,Accessories,South,5,4811,5713.860379622484
2023-10-17,Monitor,Accessories,North,2,6141,7067.074707603576
2023-10-18,Tablet,Electronics,North,16,9501,11956.162935881153
2023-10-19,Laptop,Electronics,East,2,3708,4648.600021366159
2023-10-20,Laptop,Electronics,West,10,2991,3598.0466452821843
2023-10-21,Monitor,Accessories,North,2,9463,10819.658133697698
2023-10-22,Monitor,Accessories,West,16,4273,4759.413081272586
2023-10-23,Keyboard,Accessories,South,16,5538,5961.482993566077
2023-10-24,Keyboard,Electronics,North,19,9712,11059.291575505353
2023-10-25,Tablet,Electronics,East,7,4722,5445.850156563713
2023-10-26,Monitor,Accessories,South,12,4551,5547.46753303716
2023-10-27,Laptop,Accessories,East,15,3832,4654.117111677075
2023-10-28,Keyboard,Electronics,South,8,6679,7130.01306616599
2023-10-29,Keyboard,Electronics,North,6,7579,8706.867587913186
2023-10-30,Laptop,Electronics,East,10,1152,1261.9523137586002
2023-10-31,Keyboard,Electronics,East,3,6754,7356.478252927426
2023-11-01,Tablet,Accessories,South,19,3800,4775.9370422503835
2023-11-02,Monitor,Electronics,East,17,6310,6691.621254369897
2023-11-03,Laptop,Accessories,South,7,3610,4168.812545501664
2023-11-04,Monitor,Accessories,South,4,2104,2297.6751229331885
2023-11-05,Keyboard,Accessories,South,14,8361,10617.06998332193
2023-11-06,Keyboard,Electronics,South,15,5199,6182.963407129227
2023-11-07,Laptop,Electronics,North,8,4854,5377.480402243305
2023-11-08,Tablet,Electronics,South,15,8263,9714.039168463942
2023-11-09,Phone,Electronics,West,14,2914,3592.58781304372
2023-11-10,Laptop,Accessories,East,9,8365,10786.914286152767
2023-11-11,Phone,Electronics,West,8,4072,4500.014032321837
2023-11-12,Phone,Electronics,North,17,1406,1787.792892903465
2023-11-13,Tablet,Accessories,West,2,1166,1496.6496492798233
2023-11-14,Phone,Electronics,East,3,1508,1928.890545288589
2023-11-15,Phone,Accessories,West,8,2661,3216.7594009023856
2023-11-16,Tablet,Accessories,North,12,4664,5631.570883070869
2023-11-17,Phone,Accessories,South,1,4489,5165.953133090545
2023-11-18,Phone,Accessories,West,10,1680,2080.0071105675906
2023-11-19,Phone,Accessories,North,3,3524,4168.27003016717
2023-11-20,Laptop,Accessories,North,6,3120,3804.4016955580696
2023-11-21,Laptop,Accessories,East,7,6260,7243.5366195233655
2023-11-22,Laptop,Accessories,East,18,5357,6604.506639469774
2023-11-23,Tablet,Electronics,West,11,2363,2968.206549024888
2023-11-24,Keyboard,Electronics,South,19,3292,3577.1170391841174
2023-11-25,Phone,Electronics,North,5,2538,3193.393904531848
2023-11-26,Phone,Electronics,West,19,4408,5223.806778032918
2023-11-27,Tablet,Accessories,North,11,8742,11025.117344316686
2023-11-28,Phone,Electronics,North,12,9752,11291.113560059393
2023-11-29,Laptop,Accessories,South,10,2903,3323.2386322667376
2023-11-30,Keyboard,Electronics,South,8,1174,1501.270324993805
2023-12-01,Monitor,Electronics,West,9,3230,3594.319183545334
2023-12-02,Phone,Electronics,South,4,5287,6667.18764094696
2023-12-03,Laptop,Accessories,South,5,5160,6042.386538537131
2023-12-04,Monitor,Electronics,West,8,8106,9553.114414330128
2023-12-05,Keyboard,Accessories,South,9,4171,4701.205300523159
2023-12-06,Monitor,Accessories,East,15,2567,3063.0998322472533
2023-12-07,Laptop,Electronics,North,15,2151,2433.432320797533
2023-12-08,Monitor,Electronics,North,16,8619,9134.565770337202
2023-12-09,Tablet,Electronics,North,14,7033,7862.891547846714
2023-12-10,Monitor,Accessories,North,8,9560,10053.245913741752
2023-12-11,Phone,Electronics,West,18,5946,7697.624390960017
2023-12-12,Phone,Accessories,North,10,9234,11925.127433868885
2023-12-13,Tablet,Accessories,North,6,2907,3339.5291124379974
2023-12-14,Laptop,Electronics,North,12,4490,5532.096283996253
2023-12-15,Phone,Electronics,North,2,3535,4017.3561394702133
2023-12-16,Keyboard,Accessories,East,7,5173,6299.541225401439
2023-12-17,Phone,Accessories,North,16,2293,2869.3627721761072
2023-12-18,Phone,Accessories,East,3,5769,7422.909193907384
2023-12-19,Laptop,Electronics,West,13,5796,6665.707587706174
2023-12-20,Monitor,Accessories,South,3,7871,9805.884605961763
2023-12-21,Phone,Electronics,North,18,3972,4434.666951477694
2023-12-22,Tablet,Accessories,South,11,4922,6386.703899818084
2023-12-23,Monitor,Accessories,South,8,5997,6335.485070947454
2023-12-24,Keyboard,Electronics,West,6,8032,9645.485843454251
2023-12-25,Laptop,Accessories,South,1,1992,2420.033978862361
2023-12-26,Keyboard,Electronics,East,1,9112,11134.967779014865
2023-12-27,Monitor,Electronics,South,8,6287,6790.569176961751
2023-12-28,Monitor,Accessories,South,5,3240,4162.209124613235
2023-12-29,Monitor,Electronics,South,16,2476,2711.9524497320012
2023-12-30,Keyboard,Electronics,North,11,7426,8953.441693114764
2023-12-31,Monitor,Accessories,North,5,1389,1535.7742684754912
2024-01-01,Keyboard,Electronics,East,4,1999,2252.48140440638
2024-01-02,Monitor,Electronics,East,6,2855,3387.7847841584485
2024-01-03,Tablet,Electronics,North,14,9125,10532.97248610044
2024-01-04,Monitor,Accessories,East,19,9850,10737.055542404647
2024-01-05,Keyboard,Electronics,North,9,3763,4111.958420577413
2024-01-06,Phone,Accessories,West,12,4663,5383.602286800784
2024-01-07,Monitor,Accessories,South,11,5986,7418.573976989287
2024-01-08,Phone,Electronics,South,14,2481,3162.0125722073412
2024-01-09,Tablet,Electronics,East,16,8256,8842.439494903367
2024-01-10,Laptop,Electronics,North,1,4731,5432.493646665882
2024-01-11,Tablet,Accessories,North,13,8262,8882.157211869602
2024-01-12,Monitor,Electronics,East,13,1451,1529.5689223494749
2024-01-13,Phone,Electronics,North,2,4093,4974.753642015429
2024-01-14,Phone,Electronics,West,4,1882,2259.5524624452796
2024-01-15,Keyboard,Electronics,South,6,5408,5898.801841877726
2024-01-16,Phone,Electronics,East,5,5068,5617.640859528912
2024-01-17,Keyboard,Accessories,East,3,4277,4516.1995155844015
2024-01-18,Laptop,Accessories,North,1,9566,12041.076242418167
2024-01-19,Monitor,Electronics,East,4,8951,11579.663881307644
2024-01-20,Keyboard,Electronics,West,2,5690,6167.191191090447
2024-01-21,Laptop,Electronics,North,5,5595,6198.52595525421
2024-01-22,Phone,Electronics,North,3,5559,7043.822135905251
2024-01-23,Phone,Accessories,North,9,8291,10625.877837213682
2024-01-24,Laptop,Electronics,North,6,9160,10578.946706627596
2024-01-25,Phone,Accessories,West,18,1112,1181.6730472908027
2024-01-26,Laptop,Accessories,North,6,6131,6497.927833092668
2024-01-27,Keyboard,Electronics,East,19,4197,5009.0668969729095
2024-01-28,Keyboard,Accessories,West,12,1139,1307.8268822573327
2024-01-29,Laptop,Accessories,South,11,2424,2562.5633711120586
2024-01-30,Keyboard,Accessories,South,2,3949,4722.265924310572
2024-01-31,Keyboard,Accessories,East,15,4168,4388.177243125761
2024-02-01,Keyboard,Electronics,East,12,9708,12104.351742428285
2024-02-02,Tablet,Electronics,West,12,7043,7934.701592574961
2024-02-03,Monitor,Accessories,South,9,7989,8468.855296510188
2024-02-04,Phone,Electronics,South,2,8236,9859.217223004312
2024-02-05,Tablet,Electronics,South,3,7261,8345.946633299602
2024-02-06,Keyboard,Electronics,South,12,1887,2440.7403450012353
2024-02-07,Laptop,Electronics,South,16,4104,4867.547827728798
2024-02-08,Keyboard,Electronics,North,1,1049,1173.6314752269554
2024-02-09,Monitor,Accessories,East,3,4951,6076.657954700702
2024-02-10,Keyboard,Electronics,North,2,4560,5097.500882898691
2024-02-11,Laptop,Electronics,South,9,1018,1299.0299176632252
2024-02-12,Monitor,Electronics,West,19,5821,6657.364147580859
2024-02-13,Keyboard,Electronics,West,15,7340,8716.008812694337
2024-02-14,Monitor,Accessories,South,18,9058,9625.422793609965
2024-02-15,Phone,Accessories,South,11,3606,4170.448296013936
2024-02-16,Phone,Accessories,West,16,8846,11129.071967960292
2024-02-17,Keyboard,Accessories,North,17,9643,12067.367857529676
2024-02-18,Monitor,Electronics,North,5,7432,8220.383882349852
2024-02-19,Laptop,Accessories,South,12,4765,5272.566693341332
2024-02-20,Keyboard,Electronics,North,11,3438,4312.373915847277
2024-02-21,Phone,Electronics,West,15,7358,9437.367893901474
2024-02-22,Phone,Electronics,North,3,9319,10007.11710633578
2024-02-23,Keyboard,Electronics,South,1,6941,8069.014254064357
2024-02-24,Monitor,Electronics,West,16,8644,9805.438696841698
2024-02-25,Phone,Accessories,North,2,5855,7422.220226675827
2024-02-26,Monitor,Accessories,East,2,7547,8081.9406327725255
2024-02-27,Phone,Accessories,West,3,8196,9038.397056301417
2024-02-28,Phone,Accessories,West,8,6911,8556.627170265067
2024-02-29,Tablet,Electronics,East,15,7481,7950.9823210571185
2024-03-01,Phone,Accessories,East,7,3761,4412.156391716611
2024-03-02,Laptop,Electronics,West,6,5456,6331.833995303138
2024-03-03,Keyboard,Accessories,East,9,7361,8344.431769634044
2024-03-04,Keyboard,Electronics,South,1,6693,7687.86812660739
2024-03-05,Monitor,Electronics,South,8,6788,8026.709176020606
2024-03-06,Phone,Accessories,South,3,1201,1309.500549356112
2024-03-07,Laptop,Electronics,West,4,7160,8541.872622127632
2024-03-08,Monitor,Electronics,East,15,1517,1898.3102108870198
2024-03-09,Tablet,Accessories,East,6,8737,10834.231510894155
2024-03-10,Monitor,Electronics,North,15,2988,3252.3632288062486
2024-03-11,Monitor,Accessories,North,3,4802,5221.273988424639
2024-03-12,Phone,Accessories,East,14,6808,7604.832773901842
2024-03-13,Tablet,Accessories,East,14,8162,9306.872979098885
2024-03-14,Monitor,Electronics,East,4,7241,8342.456716244706
2024-03-15,Laptop,Electronics,West,12,9399,11466.068535254153
2024-03-16,Laptop,Electronics,East,17,6633,7058.640326638997
2024-03-17,Keyboard,Accessories,North,7,6755,7151.30352926177
2024-03-18,Tablet,Electronics,West,9,7309,8390.568576139258
2024-03-19,Tablet,Accessories,East,3,5117,6264.696653167512
2024-03-20,Keyboard,Accessories,North,13,9345,10264.163319982083
2024-03-21,Monitor,Electronics,West,15,2518,3047.7270709508102
2024-03-22,Tablet,Accessories,East,18,7163,7986.4372380165905
2024-03-23,Laptop,Electronics,East,19,3600,4577.477497932165
2024-03-24,Laptop,Electronics,East,1,3195,4070.1823429829606
2024-03-25,Phone,Electronics,West,6,4554,5120.16148207429
2024-03-26,Tablet,Electronics,North,2,3849,4262.7614897511285
2024-03-27,Monitor,Electronics,North,14,2742,3161.0488728514015
2024-03-28,Keyboard,Accessories,South,6,2306,2559.966458856356
2024-03-29,Keyboard,Accessories,East,14,4849,5906.547314030368
2024-03-30,Monitor,Accessories,South,4,8519,10704.26126191671
2024-03-31,Phone,Electronics,South,8,5195,6328.928405020943
2024-04-01,Keyboard,Electronics,North,3,6178,7760.10926577662
2024-04-02,Tablet,Electronics,West,19,3555,4085.5767841618926
2024-04-03,Phone,Accessories,West,14,3305,3599.406897048196
2024-04-04,Tablet,Electronics,North,17,8619,10640.049803904962
2024-04-05,Laptop,Accessories,West,8,3642,4152.312036931385
2024-04-06,Phone,Accessories,South,14,7409,9022.81138603066
2024-04-07,Keyboard,Electronics,East,6,5757,6434.374293497256
2024-04-08,Phone,Electronics,North,16,3994,4274.807790354463
2024-04-09,Phone,Accessories,East,19,9751,12658.216271950296
2024-04-10,Phone,Electronics,West,14,2271,2473.233406127598
2024-04-11,Phone,Accessories,East,19,2813,3648.757064004818
2024-04-12,Tablet,Electronics,West,3,9801,12685.630154770939
2024-04-13,Laptop,Electronics,West,10,3461,4320.901114406432
2024-04-14,Monitor,Accessories,South,19,5120,6220.061391464957
2024-04-15,Phone,Electronics,West,9,7124,8509.27435649718
2024-04-16,Keyboard,Accessories,South,13,9475,12000.328035613747
2024-04-17,Phone,Electronics,South,7,5396,6056.25391466469
2024-04-18,Keyboard,Accessories,South,14,1816,2119.127270468134
2024-04-19,Tablet,Accessories,North,9,8304,10005.053576404858
2024-04-20,Keyboard,Electronics,North,19,8331,9603.956963617182
2024-04-21,Monitor,Accessories,West,15,1082,1251.7350858314173
2024-04-22,Laptop,Electronics,South,14,2920,3307.1078072765217
2024-04-23,Keyboard,Electronics,North,6,8817,10501.557981926888
2024-04-24,Keyboard,Electronics,South,4,3093,3905.3567537876884
2024-04-25,Laptop,Accessories,East,8,8071,8881.183884722239
2024-04-26,Monitor,Accessories,East,17,8967,11510.115264625527
2024-04-27,Phone,Electronics,East,9,9367,11449.021013164916
2024-04-28,Keyboard,Electronics,West,1,6285,7892.818035423496
2024-04-29,Laptop,Accessories,South,14,5937,7059.3760355360955
2024-04-30,Tablet,Electronics,East,11,1369,1704.239591062386
2024-05-01,Laptop,Electronics,North,3,2818,2970.3131799256544
2024-05-02,Tablet,Accessories,East,9,3101,3890.4994243103342
2024-05-03,Monitor,Electronics,East,14,4490,4759.555869323323
2024-05-04,Phone,Accessories,East,9,2779,3536.217318228099
2024-05-05,Laptop,Electronics,West,4,8674,11258.771217386999
2024-05-06,Keyboard,Accessories,North,4,2364,2655.9938701464757
2024-05-07,Monitor,Electronics,South,8,8294,9144.795526458593
2024-05-08,Laptop,Electronics,North,2,4676,5804.509772350049
2024-05-09,Keyboard,Accessories,South,9,3426,3814.017060998197
2024-05-10,Laptop,Electronics,West,14,9264,11731.842479426823
2024-05-11,Tablet,Accessories,West,9,9089,9777.134080029828
2024-05-12,Laptop,Electronics,West,16,3962,4284.858622013755
2024-05-13,Laptop,Accessories,West,17,1859,2407.010685233011
2024-05-14,Laptop,Accessories,South,16,5138,6260.446064827822
2024-05-15,Monitor,Accessories,East,12,3424,4320.135464111184
2024-05-16,Laptop,Accessories,South,3,5017,5674.6401215431415
2024-05-17,Keyboard,Electronics,North,11,9560,11654.796161354245
2024-05-18,Tablet,Electronics,West,14,9342,11196.951787679229
2024-05-19,Tablet,Accessories,West,18,2134,2562.480589085592
2024-05-20,Laptop,Accessories,North,5,6166,7526.423786377397
2024-05-21,Monitor,Accessories,South,16,6119,7305.105695094238
2024-05-22,Monitor,Electronics,East,5,6694,7746.735875028012
2024-05-23,Keyboard,Electronics,East,3,7136,7985.046086774895
2024-05-24,Laptop,Electronics,North,12,6485,8055.312482743029
2024-05-25,Tablet,Electronics,East,1,5164,5714.317707134113
2024-05-26,Monitor,Accessories,South,9,3346,4092.4543770981672
2024-05-27,Laptop,Accessories,South,9,6039,6693.224228994821
2024-05-28,Monitor,Accessories,North,4,5897,7113.743003055354
2024-05-29,Monitor,Electronics,South,3,9252,11442.592031869444
2024-05-30,Tablet,Electronics,West,17,6041,6673.3626507211
2024-05-31,Phone,Electronics,North,2,4901,5219.495529380318
2024-06-01,Keyboard,Accessories,South,1,2337,2530.371409344346
2024-06-02,Keyboard,Accessories,North,8,2184,2624.07434412998
2024-06-03,Tablet,Electronics,East,13,5426,6849.57405004521
2024-06-04,Monitor,Accessories,South,15,2551,2707.2467227428915
2024-06-05,Laptop,Electronics,West,8,2629,3242.970915005122
2024-06-06,Monitor,Electronics,South,12,2526,2867.842724917458
2024-06-07,Tablet,Accessories,North,12,2361,2761.501370344998
2024-06-08,Keyboard,Electronics,North,14,5370,6885.493945667672
2024-06-09,Monitor,Accessories,South,15,6283,7118.594241063829
2024-06-10,Keyboard,Electronics,West,15,8610,10042.137750304742
2024-06-11,Laptop,Accessories,West,9,2993,3152.8878668446796
2024-06-12,Keyboard,Accessories,West,19,1869,2000.577001922261
2024-06-13,Keyboard,Accessories,North,8,2014,2244.9008661363637
2024-06-14,Phone,Electronics,South,19,1602,1693.2548224488403
2024-06-15,Phone,Electronics,East,6,1690,2041.2560752553861
2024-06-16,Phone,Accessories,North,19,9685,11201.667021405929
2024-06-17,Keyboard,Accessories,West,4,1489,1767.4970517155061
2024-06-18,Tablet,Electronics,South,7,7864,8600.556367472185
2024-06-19,Keyboard,Electronics,West,4,8240,9261.61998063943
2024-06-20,Tablet,Electronics,East,12,8786,10683.390459014012
2024-06-21,Tablet,Accessories,West,13,9024,11652.922944510181
2024-06-22,Phone,Electronics,West,3,1294,1375.0098262603146
2024-06-23,Monitor,Electronics,East,12,6488,8256.603368427242
2024-06-24,Laptop,Accessories,South,2,5027,6003.3454497478615
2024-06-25,Phone,Electronics,North,2,3912,4659.113336287
2024-06-26,Phone,Electronics,South,9,5744,6749.599976558343
2024-06-27,Monitor,Electronics,East,1,2873,3066.4923022006797
2024-06-28,Laptop,Accessories,West,8,4258,4566.573908673143
2024-06-29,Keyboard,Accessories,South,6,3817,4581.270281400183
2024-06-30,Keyboard,Accessories,North,6,9636,10939.169198588259
2024-07-01,Phone,Accessories,East,18,4641,5937.310274246754
2024-07-02,Laptop,Accessories,South,17,5458,6285.692788227
2024-07-03,Phone,Accessories,North,12,6307,6848.26904000939
2024-07-04,Tablet,Accessories,East,6,9933,12204.475543293931
2024-07-05,Phone,Electronics,North,8,3041,3416.071938650528
2024-07-06,Phone,Electronics,East,19,1679,1983.5161615126362
2024-07-07,Keyboard,Accessories,West,10,6738,8250.399327183459
2024-07-08,Keyboard,Electronics,South,1,6668,8502.140273373852
2024-07-09,Keyboard,Electronics,North,13,8697,10854.271705297544
2024-07-10,Tablet,Accessories,East,17,9033,11012.042381523577
2024-07-11,Keyboard,Electronics,North,3,1062,1295.5426099259107
2024-07-12,Laptop,Electronics,North,8,8829,11358.342170539823
2024-07-13,Monitor,Electronics,South,14,8352,9387.280715572768
2024-07-14,Laptop,Electronics,West,3,7915,8312.950556390706
2024-07-15,Laptop,Electronics,North,16,9326,10426.362055236901
2024-07-16,Keyboard,Accessories,East,13,4644,5129.1718917466505
2024-07-17,Monitor,Accessories,East,17,5970,7256.288118282642
2024-07-18,Monitor,Accessories,West,13,9003,10879.476383172265
2024-07-19,Monitor,Electronics,East,6,4278,5126.606948802702
2024-07-20,Tablet,Accessories,West,17,8296,8744.488901216406
2024-07-21,Keyboard,Electronics,East,14,4074,5019.960448457985
2024-07-22,Monitor,Electronics,South,17,9312,10530.778800266226
2024-07-23,Tablet,Electronics,North,8,8552,10401.489704496178
2024-07-24,Phone,Electronics,South,11,2637,3135.7743289900445
2024-07-25,Phone,Accessories,North,1,6103,6931.071709471629
2024-07-26,Tablet,Accessories,North,7,1644,1781.5108457797883
2024-07-27,Tablet,Electronics,North,17,3032,3255.169524426645
2024-07-28,Keyboard,Accessories,South,10,3761,4730.885112708768
2024-07-29,Keyboard,Electronics,North,11,3068,3925.810914776555
2024-07-30,Phone,Accessories,South,9,1241,1504.6467415086238
2024-07-31,Monitor,Accessories,West,9,3668,3946.249083327063
2024-08-01,Phone,Electronics,East,5,1802,2073.2132612081523
2024-08-02,Monitor,Accessories,East,17,6059,7466.1106533592865
2024-08-03,Monitor,Electronics,North,9,1195,1487.7214890980079
2024-08-04,Keyboard,Accessories,South,17,3187,3440.540687310425
2024-08-05,Laptop,Electronics,East,19,3330,3496.5255734387806
2024-08-06,Laptop,Electronics,South,7,5841,7172.948121247155
2024-08-07,Tablet,Accessories,South,9,4606,5246.920496648117
2024-08-08,Keyboard,Accessories,North,7,9468,10543.757311940422
2024-08-09,Monitor,Electronics,East,13,1060,1116.4178294942242
2024-08-10,Laptop,Accessories,North,11,4927,5838.863794278477
2024-08-11,Monitor,Accessories,North,14,7296,9213.29894141699
2024-08-12,Laptop,Electronics,East,19,3591,4630.263810441215
2024-08-13,Laptop,Electronics,East,11,9758,11626.034807021118
2024-08-14,Laptop,Accessories,West,13,7121,8392.919778708947
2024-08-15,Keyboard,Electronics,West,14,2200,2356.781012019083
2024-08-16,Phone,Electronics,South,13,3854,4575.538944286295
2024-08-17,Monitor,Electronics,East,1,8024,9187.438032404581
2024-08-18,Keyboard,Accessories,West,8,7972,9580.620614800968
2024-08-19,Keyboard,Accessories,South,12,1136,1303.198282796939
2024-08-20,Keyboard,Electronics,South,19,2029,2252.3417303701985
2024-08-21,Keyboard,Accessories,South,12,3594,3859.026299792696
2024-08-22,Keyboard,Electronics,West,8,8206,9262.355189074118
2024-08-23,Tablet,Accessories,East,8,1661,1784.1817674379893
2024-08-24,Monitor,Electronics,North,13,3472,3799.1465533152186
2024-08-25,Keyboard,Electronics,South,12,1086,1408.3617670543467
2024-08-26,Monitor,Accessories,West,16,7219,8381.44589432722
2024-08-27,Tablet,Electronics,West,1,9143,10815.875890288842
2024-08-28,Tablet,Accessories,North,13,7968,10106.648109244534
2024-08-29,Monitor,Accessories,North,7,3773,4900.720365387841
2024-08-30,Laptop,Electronics,West,5,2700,3228.3322533076603
2024-08-31,Phone,Electronics,East,8,3700,4636.538284465859
2024-09-01,Laptop,Accessories,North,14,7815,8844.51102629778
2024-09-02,Laptop,Electronics,West,13,2647,2981.676063840745
2024-09-03,Laptop,Electronics,North,15,7038,8098.457197089929
2024-09-04,Keyboard,Electronics,East,17,6164,7508.533691780092
2024-09-05,Tablet,Electronics,South,15,6520,7957.9724534858115
2024-09-06,Laptop,Electronics,North,18,4687,5290.731807550494
2024-09-07,Tablet,Accessories,East,18,1596,1728.9507597305148
2024-09-08,Monitor,Accessories,West,2,5545,6698.909310525311
2024-09-09,Phone,Electronics,North,4,9676,10470.220260634622
2024-09-10,Monitor,Electronics,North,1,9837,11751.507700862981
2024-09-11,Monitor,Electronics,West,4,5757,7042.8577978050425
2024-09-12,Keyboard,Accessories,South,18,5384,6596.223074146931
2024-09-13,Phone,Electronics,West,5,9912,12274.703890214481
2024-09-14,Monitor,Accessories,North,19,5733,7270.675765958988
2024-09-15,Monitor,Accessories,West,15,8081,9495.092153516864
2024-09-16,Phone,Accessories,East,8,9690,11943.528661635386
2024-09-17,Phone,Electronics,West,17,8117,9779.306273241124
2024-09-18,Monitor,Accessories,North,1,5729,6282.7650537752315
2024-09-19,Phone,Electronics,West,12,2673,2823.817105183982
2024-09-20,Monitor,Accessories,South,19,9306,10433.285533777387
2024-09-21,Monitor,Electronics,West,15,8178,9492.682412607262
2024-09-22,Keyboard,Accessories,South,9,3294,3966.886745236998
2024-09-23,Laptop,Electronics,East,7,4630,5845.327925057461
2024-09-24,Monitor,Accessories,South,2,1146,1259.5243978363164
2024-09-25,Tablet,Electronics,West,9,4453,4815.41830360448
2024-09-26,Laptop,Electronics,North,10,5507,7108.82101768528
2024-09-27,Laptop,Electronics,South,2,6783,7305.366561562542
2024-09-28,Laptop,Electronics,East,19,8751,10235.368838627002
2024-09-29,Keyboard,Accessories,South,11,6628,7929.679098610502
2024-09-30,Monitor,Accessories,South,13,9328,11056.885149556147
2024-10-01,Keyboard,Electronics,South,10,4360,4671.775051165909
2024-10-02,Monitor,Accessories,East,14,4005,4262.3481976461235
2024-10-03,Keyboard,Electronics,West,18,4552,4899.640140450659
2024-10-04,Keyboard,Electronics,South,19,1018,1217.93206554558
2024-10-05,Tablet,Accessories,South,9,3242,3845.2915314276174
2024-10-06,Keyboard,Electronics,North,7,7318,8111.528779031223
2024-10-07,Phone,Electronics,East,3,6097,7373.977235708143
2024-10-08,Tablet,Accessories,South,6,9640,12098.362679954116
2024-10-09,Keyboard,Electronics,East,2,2948,3126.04369340694
2024-10-10,Laptop,Electronics,South,6,6618,7773.055991600236
2024-10-11,Phone,Electronics,West,3,5236,6400.107329442421
2024-10-12,Phone,Electronics,West,16,7901,8794.429133944399
2024-10-13,Phone,Accessories,South,8,2920,3290.6727608639994
2024-10-14,Tablet,Accessories,West,2,5188,6243.288360177231
2024-10-15,Keyboard,Accessories,South,17,1238,1577.8109733208364
2024-10-16,Keyboard,Electronics,West,9,1204,1507.9872505111728
2024-10-17,Laptop,Electronics,North,12,6552,7834.767298885118
2024-10-18,Laptop,Accessories,North,3,5927,7305.356030286804
2024-10-19,Phone,Electronics,North,11,5390,6151.098278605008
2024-10-20,Laptop,Electronics,East,1,3687,4462.159975525031
2024-10-21,Tablet,Electronics,East,13,5951,6942.111662200024
2024-10-22,Keyboard,Electronics,North,15,7160,7857.985684259034
2024-10-23,Phone,Accessories,East,5,6388,7828.076023381979
2024-10-24,Laptop,Accessories,West,17,6126,7284.525592099721
2024-10-25,Tablet,Accessories,South,6,1816,2069.6141982069307
2024-10-26,Tablet,Electronics,South,11,1192,1523.1790786434321
2024-10-27,Laptop,Accessories,South,18,2776,2929.3282777717527
2024-10-28,Keyboard,Accessories,North,4,4645,5243.9415718884775
2024-10-29,Laptop,Electronics,East,3,7314,7783.707635836427
2024-10-30,Phone,Electronics,West,13,9442,11723.487729941153
2024-10-31,Laptop,Accessories,West,9,2788,3416.7688955173135
2024-11-01,Tablet,Accessories,North,6,8374,9486.38586992448
2024-11-02,Laptop,Accessories,West,12,4700,5728.9039100933105
2024-11-03,Keyboard,Accessories,West,2,4893,5621.980211944196
2024-11-04,Monitor,Electronics,West,3,7811,9678.324591200158
2024-11-05,Laptop,Accessories,West,3,3679,4280.685423802085
2024-11-06,Keyboard,Accessories,East,12,4904,5654.654946321622
2024-11-07,Keyboard,Electronics,West,15,8260,10603.217275483343
2024-11-08,Tablet,Accessories,South,9,1504,1673.5305415589035
2024-11-09,Keyboard,Electronics,North,8,7773,8395.709293448326
2024-11-10,Keyboard,Electronics,East,11,4816,5760.589908364387
2024-11-11,Keyboard,Electronics,West,16,1717,2218.9313879229835
2024-11-12,Keyboard,Accessories,East,4,5434,6218.994571848382
2024-11-13,Phone,Accessories,West,1,1658,1766.61423852413
2024-11-14,Phone,Electronics,South,7,6057,6873.643001023512
2024-11-15,Tablet,Accessories,North,2,5008,5891.826431208086
2024-11-16,Laptop,Accessories,West,5,5994,6536.341625438373
2024-11-17,Keyboard,Electronics,West,7,5234,6356.8267523269205
2024-11-18,Laptop,Electronics,West,4,4764,6190.51952231115
2024-11-19,Laptop,Accessories,West,5,5637,6555.46385652685
2024-11-20,Tablet,Electronics,North,1,3104,3534.469360022645
2024-11-21,Keyboard,Accessories,North,1,7801,8972.523301368918
2024-11-22,Keyboard,Accessories,South,15,9575,10329.381164533514
2024-11-23,Monitor,Accessories,North,19,3607,4583.841970086097
2024-11-24,Laptop,Accessories,West,10,9385,10827.534694266973
2024-11-25,Laptop,Electronics,South,18,4719,5411.836986878457
2024-11-26,Phone,Electronics,South,3,3581,4350.637716841007
2024-11-27,Monitor,Electronics,South,11,3565,4137.212286404863
2024-11-28,Phone,Electronics,West,15,3763,4560.975635780981
2024-11-29,Phone,Accessories,East,11,7328,7806.969603519602
2024-11-30,Phone,Accessories,West,17,6991,8762.734973990522
2024-12-01,Tablet,Electronics,North,17,4406,5662.265104096662
2024-12-02,Tablet,Accessories,North,6,9923,12028.574731714896
2024-12-03,Phone,Accessories,West,5,5780,7448.347767200982
2024-12-04,Monitor,Accessories,West,8,5177,5631.841272873325
2024-12-05,Laptop,Electronics,South,2,7476,8742.090858138781
2024-12-06,Monitor,Electronics,West,16,3604,4326.427867284849
2024-12-07,Keyboard,Electronics,South,12,9181,10975.281039993479
2024-12-08,Tablet,Accessories,North,6,3382,3890.535934219786
2024-12-09,Laptop,Electronics,South,1,1531,1736.9518076849365
2024-12-10,Laptop,Electronics,West,4,7079,7657.396813908604
2024-12-11,Keyboard,Electronics,North,17,1634,1875.7267910546907
2024-12-12,Keyboard,Electronics,East,13,1002,1092.8465341839242
2024-12-13,Phone,Electronics,South,18,9397,11592.058565499345
2024-12-14,Tablet,Electronics,North,5,6951,7661.445958155724
2024-12-15,Tablet,Accessories,South,3,6626,7054.31342820383
2024-12-16,Monitor,Accessories,North,11,8739,10382.731919596203
2024-12-17,Phone,Electronics,North,13,7003,8395.248454558492
2024-12-18,Phone,Electronics,South,4,3890,4932.435452095291
2024-12-19,Phone,Accessories,East,14,7239,8645.1424730729
2024-12-20,Phone,Accessories,North,11,9026,10256.877546426955
2024-12-21,Tablet,Electronics,North,10,4306,5385.742290463084
2024-12-22,Tablet,Electronics,North,19,1897,2248.0772650941344
2024-12-23,Phone,Electronics,East,18,1670,1786.5995188335226
2024-12-24,Monitor,Electronics,East,6,8291,9878.416748889282
2024-12-25,Laptop,Accessories,West,15,2505,3198.8966140703164
2024-12-26,Laptop,Electronics,South,10,7460,8572.123046554181
2024-12-27,Monitor,Electronics,East,5,6167,6932.210305079017
2024-12-28,Phone,Electronics,South,5,6255,6792.100363411928
2024-12-29,Tablet,Electronics,West,10,1249,1358.7388642243152
2024-12-30,Laptop,Accessories,South,5,7457,8636.644239684236
2024-12-31,Keyboard,Accessories,East,3,2892,3467.276512868786
2025-01-01,Keyboard,Accessories,South,6,4439,4750.412945886966
2025-01-02,Monitor,Electronics,East,4,3854,4951.974335525747
2025-01-03,Phone,Electronics,South,18,4792,5936.250073699344
2025-01-04,Laptop,Accessories,East,9,6330,7574.832350683897
2025-01-05,Phone,Electronics,East,17,8871,11151.819862474948
2025-01-06,Laptop,Electronics,South,13,9235,9881.881174789965
2025-01-07,Monitor,Accessories,West,15,4612,5392.395226026292
2025-01-08,Monitor,Accessories,North,17,3618,4368.819233246374
2025-01-09,Keyboard,Accessories,West,13,5678,7138.172800234911
2025-01-10,Phone,Accessories,South,16,4163,5186.545944621275
2025-01-11,Keyboard,Electronics,West,4,3942,4412.151745592555
2025-01-12,Phone,Electronics,East,5,9411,12095.205818930417
2025-01-13,Keyboard,Accessories,North,5,2925,3162.1778965463236
2025-01-14,Tablet,Electronics,South,9,3972,5039.607683290804
2025-01-15,Tablet,Accessories,South,17,1990,2572.542774178298
2025-01-16,Tablet,Accessories,South,13,2812,3077.138926825506
2025-01-17,Tablet,Electronics,North,2,9995,12299.012577929208
2025-01-18,Laptop,Accessories,East,13,1489,1578.44628436511
2025-01-19,Tablet,Electronics,South,19,6876,7916.721836414207
2025-01-20,Monitor,Electronics,West,3,4645,5476.783981193298
2025-01-21,Monitor,Electronics,South,10,8081,9658.098517643937
2025-01-22,Laptop,Electronics,South,2,3891,4995.982958233786
2025-01-23,Tablet,Accessories,South,13,4516,5500.771025955145
2025-01-24,Tablet,Electronics,South,19,4340,5079.186577072873
2025-01-25,Tablet,Accessories,East,17,7410,9280.42300468256
2025-01-26,Keyboard,Accessories,West,14,1053,1355.8777651162482
2025-01-27,Phone,Accessories,East,12,3575,3773.471620384798
2025-01-28,Keyboard,Accessories,West,12,1615,2092.4429636733757
2025-01-29,Phone,Electronics,South,11,6944,7440.725393414548
2025-01-30,Tablet,Electronics,North,7,8404,10535.226623243669
2025-01-31,Tablet,Accessories,East,4,1954,2188.643526621365
2025-02-01,Keyboard,Accessories,North,19,2629,2847.325080058732
2025-02-02,Keyboard,Electronics,East,1,7859,9116.156368127757
2025-02-03,Phone,Accessories,South,3,9841,11917.344174585993
2025-02-04,Monitor,Electronics,East,13,4278,4899.327998252606
2025-02-05,Phone,Accessories,South,15,6455,6865.804927616205
2025-02-06,Keyboard,Electronics,East,2,4801,5760.553232875374
2025-02-07,Keyboard,Accessories,South,11,3561,4542.414516557528
2025-02-08,Laptop,Accessories,South,4,7539,8638.215160969083
2025-02-09,Keyboard,Electronics,West,19,1370,1512.5939763385582
2025-02-10,Laptop,Accessories,South,17,1857,2155.3165328493096
2025-02-11,Monitor,Accessories,West,3,5886,6251.465729308281
2025-02-12,Phone,Electronics,South,18,8485,10649.709288578782
2025-02-13,Phone,Accessories,North,8,1383,1737.857335386027
2025-02-14,Laptop,Electronics,South,19,5334,6384.79861798341
2025-02-15,Phone,Electronics,North,5,5290,6021.4785706210205
2025-02-16,Keyboard,Accessories,North,7,3725,4656.048258140136
2025-02-17,Tablet,Accessories,South,8,7204,8563.19133164385
2025-02-18,Laptop,Accessories,North,5,7111,8934.851161524792
2025-02-19,Phone,Accessories,West,17,5251,6342.497529963361
2025-02-20,Laptop,Accessories,East,5,1922,2395.006829878749
2025-02-21,Laptop,Accessories,South,4,3915,4696.593529611882
2025-02-22,Tablet,Accessories,North,19,8957,10332.21538700193
2025-02-23,Keyboard,Electronics,South,2,4046,5217.262237315288
2025-02-24,Laptop,Accessories,West,11,2230,2643.170957369956
2025-02-25,Phone,Electronics,South,13,8647,10387.402266705009
2025-02-26,Monitor,Accessories,South,15,5933,6556.688291161927
2025-02-27,Laptop,Accessories,North,12,4940,5959.678724942687
2025-02-28,Laptop,Electronics,West,11,7483,8926.485010270217
2025-03-01,Tablet,Accessories,East,7,1203,1318.7401481825677
2025-03-02,Keyboard,Accessories,East,5,1160,1235.2802582324118
2025-03-03,Monitor,Electronics,North,17,9960,11962.85470608978
2025-03-04,Phone,Accessories,South,9,4748,5891.902723718831
2025-03-05,Monitor,Accessories,North,14,7718,9113.802945194017
2025-03-06,Phone,Accessories,North,12,3581,3963.0681928174126
2025-03-07,Keyboard,Electronics,North,6,2093,2546.40762430463
2025-03-08,Phone,Accessories,South,17,5500,5885.145374088203
2025-03-09,Tablet,Accessories,West,19,9799,11371.332118338589
2025-03-10,Tablet,Accessories,North,19,6710,7319.547737213351
2025-03-11,Tablet,Accessories,South,16,3875,4247.4447057142615
2025-03-12,Tablet,Electronics,West,12,4191,4612.503485230508
2025-03-13,Monitor,Electronics,North,12,2837,3253.1219802084415
2025-03-14,Keyboard,Accessories,East,6,1689,1795.048174323213
2025-03-15,Phone,Accessories,West,4,4759,5470.224746345394
2025-03-16,Phone,Electronics,North,6,3103,3655.1070520992293
2025-03-17,Tablet,Electronics,West,11,1365,1598.1741747447586
2025-03-18,Tablet,Accessories,West,1,9092,10416.66826021611
2025-03-19,Laptop,Electronics,West,15,5172,6515.616564235483
2025-03-20,Keyboard,Accessories,West,11,7033,7640.170656948351
2025-03-21,Monitor,Electronics,West,19,3378,3973.9609001233703
2025-03-22,Phone,Electronics,West,18,2205,2349.450331097301
2025-03-23,Laptop,Electronics,North,17,5988,6393.920051280231
2025-03-24,Laptop,Electronics,East,19,6669,7959.227837874139
2025-03-25,Phone,Accessories,South,14,3735,4450.269704239003
2025-03-26,Monitor,Electronics,West,18,9490,12047.634509223475
2025-03-27,Laptop,Electronics,South,19,1956,2326.600227397776
2025-03-28,Laptop,Accessories,North,15,7623,9833.271737136543
2025-03-29,Keyboard,Electronics,West,15,2474,2627.8177637353565
2025-03-30,Monitor,Electronics,East,4,5460,5866.780489725711
2025-03-31,Laptop,Accessories,South,7,8002,8490.253756071548
2025-04-01,Monitor,Electronics,West,13,7396,8108.376896266715
2025-04-02,Phone,Accessories,North,3,3828,4537.395496171186
2025-04-03,Tablet,Accessories,East,16,3850,4663.863224623899
2025-04-04,Laptop,Accessories,South,9,3964,4207.374891527131
2025-04-05,Keyboard,Accessories,South,8,5594,7196.64028944907
2025-04-06,Phone,Electronics,West,13,7644,9635.578034778879
2025-04-07,Monitor,Accessories,East,17,3850,4327.989514076202
2025-04-08,Phone,Electronics,East,17,1165,1245.7308681784586
2025-04-09,Laptop,Electronics,East,17,1919,2096.4533233768425
2025-04-10,Monitor,Electronics,East,1,9305,10065.554442497505
2025-04-11,Tablet,Electronics,North,8,4504,4868.017535490614
2025-04-12,Phone,Electronics,East,19,1991,2348.664080533369
2025-04-13,Laptop,Electronics,South,6,7047,7832.471731812749
2025-04-14,Keyboard,Electronics,South,3,4839,5514.209522071133
2025-04-15,Monitor,Electronics,North,5,2258,2929.47576069545
2025-04-16,Phone,Electronics,South,13,8609,10512.265342249573
2025-04-17,Phone,Electronics,South,15,9706,12494.00158858955
2025-04-18,Tablet,Accessories,East,14,5804,6301.049561353051
2025-04-19,Tablet,Accessories,South,16,1067,1222.2857049115878
2025-04-20,Keyboard,Accessories,North,18,6660,7916.628452465119
2025-04-21,Keyboard,Electronics,East,11,5478,5857.020165756627
2025-04-22,Laptop,Accessories,West,3,9210,9680.141588953373
2025-04-23,Laptop,Accessories,East,10,4521,5504.808405773966
2025-04-24,Keyboard,Accessories,North,10,1572,1902.8350701029642
2025-04-25,Keyboard,Electronics,East,16,8082,9316.098790604216
2025-04-26,Monitor,Electronics,East,12,8832,10354.734119878727
2025-04-27,Tablet,Electronics,North,2,6395,7378.939497196604
2025-04-28,Laptop,Electronics,East,9,3258,3440.452109026162
2025-04-29,Tablet,Accessories,North,3,7039,7981.1201840411795
2025-04-30,Tablet,Accessories,North,15,1650,1805.546430351382
2025-05-01,Keyboard,Accessories,West,3,6741,7243.919364683082
2025-05-02,Monitor,Accessories,South,19,7838,10104.59369020618
2025-05-03,Phone,Electronics,South,18,3587,4303.825833431562
2025-05-04,Monitor,Electronics,East,8,8876,10936.688294721022
2025-05-05,Monitor,Electronics,East,17,4262,4811.120068450048
2025-05-06,Tablet,Accessories,West,8,2338,2684.694497189252
2025-05-07,Monitor,Electronics,West,7,5996,6650.949066851188
2025-05-08,Laptop,Electronics,West,7,6780,7283.356812286394
2025-05-09,Tablet,Accessories,North,3,3827,4189.638519122235
2025-05-10,Laptop,Accessories,West,1,6232,7786.126882571924
2025-05-11,Phone,Electronics,West,4,3217,3922.766213819052
2025-05-12,Tablet,Electronics,East,5,4539,5386.57754202452
2025-05-13,Phone,Electronics,West,1,8845,10337.79248137664
2025-05-14,Tablet,Electronics,North,15,5383,6893.51593723023
2025-05-15,Keyboard,Electronics,North,5,3961,4231.075782037827
2025-05-16,Monitor,Electronics,East,13,4226,4733.754759185858
2025-05-17,Keyboard,Accessories,West,8,7837,8914.465739608422
2025-05-18,Phone,Accessories,West,8,8031,10003.465424470225
2025-05-19,Monitor,Accessories,North,5,4716,6121.9747371709645
2025-05-20,Tablet,Electronics,West,9,4414,4900.279913034518
2025-05-21,Monitor,Accessories,West,1,2448,3105.4760884918933
2025-05-22,Laptop,Electronics,West,4,1570,1974.5194334694781
2025-05-23,Monitor,Electronics,South,3,3904,4318.4656200983645
2025-05-24,Laptop,Accessories,East,2,3505,4030.1651733995686
2025-05-25,Monitor,Electronics,South,8,1917,2209.1857226084394
2025-05-26,Laptop,Electronics,East,9,7982,10333.139344044746
2025-05-27,Phone,Accessories,North,2,8427,9229.444013229995
2025-05-28,Keyboard,Accessories,West,14,7336,9168.45571900617
2025-05-29,Tablet,Accessories,East,14,2678,3035.642022138897
2025-05-30,Monitor,Electronics,South,4,1615,1990.8389021071248
2025-05-31,Keyboard,Accessories,West,6,8086,9339.352245183682
2025-06-01,Tablet,Accessories,North,11,5749,6867.697569539247
2025-06-02,Tablet,Electronics,East,3,4505,5667.979009708555
2025-06-03,Laptop,Accessories,East,8,5529,6917.0078521989735
2025-06-04,Phone,Accessories,East,3,2135,2704.203374214315
2025-06-05,Phone,Accessories,West,14,9566,10186.874833561753
2025-06-06,Keyboard,Electronics,South,13,8226,10060.501962326236
2025-06-07,Phone,Electronics,South,13,6162,6685.7505538398755
2025-06-08,Monitor,Electronics,East,2,1206,1391.669298257551
2025-06-09,Phone,Electronics,North,13,5875,6974.489234611573
2025-06-10,Keyboard,Accessories,North,19,2319,2668.438216281975
2025-06-11,Phone,Electronics,South,6,2141,2526.17214947356
2025-06-12,Monitor,Electronics,North,16,5627,7310.213384902458
2025-06-13,Laptop,Accessories,South,2,8389,9092.034511184285
2025-06-14,Keyboard,Accessories,East,8,3690,4497.608201822853
2025-06-15,Laptop,Accessories,South,17,8323,9563.129010806868
2025-06-16,Laptop,Electronics,South,2,4255,4609.239173587671
2025-06-17,Laptop,Electronics,East,10,9281,10113.358975219242
2025-06-18,Tablet,Electronics,North,16,6213,7998.108452276004
2025-06-19,Tablet,Accessories,South,6,5108,6486.65111130092
2025-06-20,Laptop,Accessories,South,2,4020,5132.577170217097
2025-06-21,Keyboard,Electronics,East,2,2857,3708.052285134711
2025-06-22,Monitor,Accessories,North,13,9996,11016.380159631286
2025-06-23,Monitor,Accessories,South,15,3789,4315.139912318107
2025-06-24,Phone,Accessories,East,2,4875,5934.360692720932
2025-06-25,Keyboard,Electronics,South,7,8605,10076.030213875216
2025-06-26,Tablet,Accessories,West,3,9135,10547.24709685277
2025-06-27,Laptop,Accessories,East,8,7055,8038.839591015652
2025-06-28,Phone,Electronics,North,14,4882,5850.809261286983
2025-06-29,Monitor,Electronics,North,7,8175,9760.119069783168
2025-06-30,Tablet,Accessories,North,7,8129,8863.572683277052
2025-07-01,Tablet,Accessories,North,1,6021,7032.136390424631
2025-07-02,Laptop,Electronics,South,17,5735,6815.290159140872
2025-07-03,Monitor,Electronics,South,9,3387,4039.2404653708045
2025-07-04,Keyboard,Accessories,North,13,7582,8359.358184165363
2025-07-05,Tablet,Accessories,North,19,6866,8483.40884480105
2025-07-06,Laptop,Accessories,North,19,3566,3766.764993032984
2025-07-07,Keyboard,Accessories,South,17,1975,2248.9482286744365
2025-07-08,Monitor,Electronics,North,10,8212,10224.376567443656
2025-07-09,Tablet,Accessories,North,10,2262,2693.98144685683
2025-07-10,Keyboard,Accessories,West,4,6047,6744.162307348292
2025-07-11,Keyboard,Electronics,West,8,8382,10257.374261583356
2025-07-12,Keyboard,Accessories,North,18,7231,8618.250979298142
2025-07-13,Tablet,Electronics,East,14,4327,5404.686524529447
2025-07-14,Tablet,Accessories,North,18,6630,8179.804246109632
2025-07-15,Phone,Accessories,West,14,3259,3919.035429479022
2025-07-16,Monitor,Electronics,East,15,2257,2645.3042532941267
2025-07-17,Laptop,Electronics,East,4,1464,1585.9446579943135
2025-07-18,Keyboard,Accessories,North,13,4294,4789.24099469996
2025-07-19,Phone,Accessories,West,8,7774,8977.219825614355
2025-07-20,Laptop,Accessories,West,18,8431,10115.723072187717
2025-07-21,Phone,Electronics,East,12,2230,2627.8921292825326
2025-07-22,Tablet,Accessories,North,14,4805,5391.431661808885
2025-07-23,Keyboard,Electronics,South,2,7419,7801.939767610465
2025-07-24,Laptop,Electronics,South,18,6750,7924.903686957625
2025-07-25,Laptop,Accessories,West,2,4856,5445.549950114563
2025-07-26,Laptop,Electronics,South,11,4135,5101.151330859515
2025-07-27,Laptop,Accessories,West,9,7953,8398.26116192404
2025-07-28,Laptop,Accessories,West,12,7034,8414.119706181233
2025-07-29,Phone,Accessories,West,17,5589,7183.924878355349
2025-07-30,Keyboard,Accessories,South,15,2546,2784.3114985164693
2025-07-31,Tablet,Accessories,West,17,7065,8251.300913038238
2025-08-01,Tablet,Electronics,East,18,2094,2246.5594127162717
2025-08-02,Tablet,Electronics,North,6,3411,4115.100250680868
2025-08-03,Tablet,Accessories,North,17,3617,4295.668272179137
2025-08-04,Phone,Accessories,West,18,9954,11465.429107003634
2025-08-05,Monitor,Electronics,North,8,5145,6072.8711938706
2025-08-06,Keyboard,Electronics,South,9,3775,4809.892333930128
2025-08-07,Laptop,Electronics,South,6,7628,8383.733234507205
2025-08-08,Monitor,Electronics,North,5,4155,4386.18888653393
2025-08-09,Tablet,Accessories,South,12,4970,6289.118619238633
2025-08-10,Monitor,Accessories,North,11,8972,10715.073615796075
2025-08-11,Keyboard,Electronics,North,1,9775,12440.296600534875
2025-08-12,Laptop,Accessories,North,11,6415,7693.1009020488755
2025-08-13,Laptop,Electronics,West,19,5331,6677.292192643793
2025-08-14,Keyboard,Accessories,North,9,2942,3405.1247587477114
2025-08-15,Keyboard,Electronics,West,2,7026,8694.428969307844
2025-08-16,Tablet,Accessories,North,12,9301,11889.099670885636
2025-08-17,Laptop,Electronics,North,4,1191,1420.899612448287
2025-08-18,Monitor,Electronics,North,4,1861,2038.1602912991473
2025-08-19,Phone,Accessories,South,18,7711,8614.724602374465
2025-08-20,Phone,Electronics,West,15,1649,1813.3412268259553
2025-08-21,Keyboard,Accessories,West,19,5134,5707.5409949191235
2025-08-22,Tablet,Accessories,North,13,8587,9674.147365894338
2025-08-23,Phone,Electronics,North,19,9828,11683.363714052584
2025-08-24,Laptop,Accessories,South,17,2036,2437.087739397091
2025-08-25,Keyboard,Accessories,South,6,5131,5934.642550774497
2025-08-26,Monitor,Accessories,South,16,3148,3789.7361537189972
2025-08-27,Keyboard,Accessories,West,12,6457,6911.532323668148
2025-08-28,Monitor,Accessories,West,19,7079,7588.313232533678
2025-08-29,Keyboard,Electronics,West,5,3430,3748.843762256692
2025-08-30,Keyboard,Accessories,North,17,2879,3395.8362792145385
2025-08-31,Keyboard,Accessories,West,1,8542,9426.085636360249
2025-09-01,Monitor,Accessories,East,10,3011,3374.7923347290375
2025-09-02,Monitor,Accessories,East,15,4373,5029.292008146126
2025-09-03,Keyboard,Accessories,South,11,8357,10471.041299588687
2025-09-04,Phone,Electronics,West,13,2289,2411.3826072761344
2025-09-05,Tablet,Accessories,East,5,2447,2966.6074932797537
2025-09-06,Tablet,Electronics,South,1,4199,5111.103138459959
2025-09-07,Tablet,Electronics,West,12,7381,9223.769578703084
2025-09-08,Monitor,Electronics,North,11,8522,10935.330136667997
2025-09-09,Monitor,Electronics,East,17,7059,7447.488268933259
2025-09-10,Phone,Accessories,North,4,4183,4552.969310040446
2025-09-11,Tablet,Electronics,West,15,6462,8216.709725547456
2025-09-12,Tablet,Electronics,East,9,4216,4910.078564545114
2025-09-13,Keyboard,Accessories,West,19,4136,4926.586720657201
2025-09-14,Monitor,Accessories,North,19,4318,5249.637866419138
2025-09-15,Tablet,Accessories,East,12,3782,4613.157474550625
2025-09-16,Phone,Electronics,North,5,8657,11106.369167877752
2025-09-17,Phone,Accessories,West,10,5920,7691.485137769271
2025-09-18,Tablet,Accessories,West,17,7324,9008.808310964552
2025-09-19,Monitor,Electronics,North,5,7327,8219.467449961536
2025-09-20,Phone,Accessories,East,16,9417,11959.007093101458
2025-09-21,Keyboard,Accessories,North,7,1776,1886.654086056098
2025-09-22,Phone,Accessories,West,9,6208,6877.037483661218
2025-09-23,Laptop,Accessories,North,3,1687,2149.8224263403217
2025-09-24,Laptop,Electronics,West,15,1529,1703.3792063944434
2025-09-25,Monitor,Accessories,North,16,6067,6705.022494681288
2025-09-26,Tablet,Accessories,East,18,9080,9847.544415428361
